"Variable / Field Name","Form Name","Section Header","Field Type","Field Label","Choices, Calculations, OR Slider Labels","Field Note","Text Validation Type OR Show Slider Number","Text Validation Min","Text Validation Max","Identifier?","Branching Logic","Required Field?","Custom Alignment","Question Number","Matrix Group Name","Matrix Ranking?","Field Annotation"
"record_id","enrolment","Pseudonymous identity","text","Study ID (pseudonymous)","","Assigned by the study team. NOT the app patient id, NOT a name.","","","","","","y","","","","","Pseudonymous study ID. The app patient UUID is mapped to this by a key list held by the study team, outside the app and outside REDCap."
"research_consent","enrolment","","yesno","Consented to research use of data","","","","","","","","","","","","","SOURCE patient.research_consent. GATE: the export pushes a patient's data to REDCap ONLY while this is true. Withdrawal stops further sync. Requires the research-consent flag + capture (small app change, built with the export)."
"research_consent_date","enrolment","","text","Date research consent recorded","","","date_ymd","","","","[research_consent] = '1'","","","","","","SOURCE patient.research_consent_recorded_at (date part)."
"birth_year","enrolment","","text","Year of birth","","Year only — no full date of birth is exported.","integer","1900","2100","","","","","","","","SOURCE patient.birth_year. Only personal datum exported from the app; include only if ethics-approved."
"sex","enrolment","","radio","Sex","1, Female | 2, Male | 3, Other / prefer not to say","Entered by the study team in REDCap — the app does not store this. Include only if in scope and ethics-approved.","","","","","","","","","","","STUDY-TEAM ENTERED. Not populated by the app push."
"diagnosis","enrolment","","radio","Primary diagnosis / etiology","1, Stroke | 2, Traumatic brain injury | 3, Cerebral palsy | 4, Multiple sclerosis | 5, Spinal cord injury | 6, Hereditary spastic paraplegia | 7, Anoxic / hypoxic brain injury | 8, Other","Auto-populated from the app (patient.etiology). The free-text qualifier is in diagnosis_detail.","","","","","","","","","","","SOURCE patient.etiology. Recode: stroke=1, tbi=2, cerebralPalsy=3, multipleSclerosis=4, spinalCordInjury=5, hereditarySpasticParaplegia=6, anoxic=7, other=8."
"diagnosis_detail","enrolment","","notes","Diagnosis detail / qualifier","","Optional free-text qualifier (e.g. 'left MCA infarct 2021').","","","","","","","","","","","SOURCE patient.etiology_detail. REVIEW: free text may carry incidental identifiers — screen before export."
"med_current","enrolment","","notes","Current antispastic medication","","","","","","","","","","","","","SOURCE patient.current_medication. REVIEW: free text — screen before export."
"med_previous","enrolment","","notes","Previous antispastic medication","","","","","","","","","","","","","SOURCE patient.previous_medication. REVIEW: free text — screen before export."
"enrol_date","enrolment","","text","Date of enrolment","","Entered by the study team.","date_ymd","","","","","","","","","","STUDY-TEAM ENTERED."
"cycle_index","treatment_cycle","Treatment cycle","text","Cycle number","","SOURCE treatment_cycle.cycle_number. One instance per cycle.","integer","1","99","","","y","","","","","REPEATING INSTRUMENT. cycle_index is the link key used by goal/checkin/treatment/goal_rating instruments."
"cycle_start_date","treatment_cycle","","text","Cycle start date","","","date_ymd","","","","","y","","","","","SOURCE treatment_cycle.start_date"
"cycle_status","treatment_cycle","","radio","Cycle status","1, Active | 2, Completed","","","","","","","","","","","","SOURCE treatment_cycle.status"
"cycle_modality","treatment_cycle","","radio","Treatment modality","1, Botulinum toxin | 2, Baclofen pump (ITB) | 3, Surgery | 4, Other","","","","","","","","","","","","SOURCE treatment_cycle.modality. Recode: botulinum_toxin=1, baclofen_pump=2, surgery=3, other=4."
"tx_cycle_index","treatment","Injection session","text","Belongs to cycle number","","Links this session to its cycle.","integer","1","99","","","y","","","","","REPEATING INSTRUMENT. Link key = cycle_index."
"tx_date","treatment","","text","Injection date","","","date_ymd","","","","","","","","","","SOURCE treatment_session.date"
"tx_drug_product","treatment","","text","Toxin product","","","","","","","","","","","","","SOURCE treatment_session.drug_product (free text in app, e.g. brand)."
"tx_total_units","treatment","","text","Total units injected","","","number","0","100000","","","","","","","","SOURCE treatment_session.total_units"
"tx_dilution","treatment","","text","Dilution","","","","","","","","","","","","","SOURCE treatment_session.dilution"
"tx_notes","treatment","","notes","Session notes","","","","","","","","","","","","","SOURCE treatment_session.notes. REVIEW: free text may carry incidental identifiers — screen before export."
"m_cycle_index","muscle","Injected muscle","text","Belongs to cycle number","","Links this muscle to the cycle's injection session.","integer","1","99","","","y","","","","","REPEATING INSTRUMENT. One instance per injected muscle, linked by cycle_index (one session per cycle in the app)."
"m_muscle","muscle","","text","Muscle","","","","","","","","","","","","","SOURCE muscle_injection.muscle"
"m_side","muscle","","radio","Side","1, Left | 2, Right | 3, Bilateral","","","","","","","","","","","","SOURCE muscle_injection.side"
"m_dose_units","muscle","","text","Dose (units)","","","number","0","100000","","","","","","","","SOURCE muscle_injection.dose_units"
"m_guidance","muscle","","radio","Guidance method","1, EMG | 2, Ultrasound | 3, US+EMG | 4, Electrical stimulation | 5, Anatomical landmarks | 6, None | 7, Other","","","","","","","","","","","","SOURCE muscle_injection.guidance"
"goal_index","goal","Goal","text","Goal number (within cycle)","","One instance per goal per cycle.","integer","1","99","","","y","","","","","REPEATING INSTRUMENT. Link keys = goal_cycle_index + goal_index."
"goal_cycle_index","goal","","text","Belongs to cycle number","","","integer","1","99","","","y","","","","","Link key = cycle_index."
"goal_lineage_id","goal","","text","Goal lineage ID (stable across versions)","","","","","","","","","","","","","SOURCE approved_goal.lineage_id. Same value across every version of one goal — use this, not goal_index, to follow a goal through recalibration."
"goal_version","goal","","text","Goal version","","","integer","1","99","","","","","","","","SOURCE approved_goal.version. 1 = original; increments on each recalibration."
"goal_kind","goal","","radio","Goal type","1, NRS (0-10 question) | 2, GAS (descriptive levels)","","","","","","","y","","","","","SOURCE approved_goal.goal_kind"
"goal_patient_text","goal","","notes","Goal in patient's words","","","","","","","","","","","","","SOURCE approved_goal.patient_facing_text"
"goal_smart_text","goal","","notes","Clinical (SMART) description","","","","","","","","","","","","","SOURCE approved_goal.smart_text"
"goal_nrs_direction","goal","NRS configuration (if goal type = NRS)","radio","NRS direction","1, Higher is better | 2, Lower is better","","","","","","[goal_kind] = '1'","","","","","","SOURCE approved_goal.nrs_direction"
"goal_nrs_cut_lowlow","goal","","text","Cut: upper bound of -2 band","","","integer","0","10","","[goal_kind] = '1'","","","","","","SOURCE approved_goal.nrs_cut_low_low"
"goal_nrs_cut_low","goal","","text","Cut: upper bound of -1 band","","","integer","0","10","","[goal_kind] = '1'","","","","","","SOURCE approved_goal.nrs_cut_low"
"goal_nrs_cut_zero","goal","","text","Cut: upper bound of 0 band","","","integer","0","10","","[goal_kind] = '1'","","","","","","SOURCE approved_goal.nrs_cut_zero"
"goal_nrs_cut_high","goal","","text","Cut: upper bound of +1 band","","","integer","0","10","","[goal_kind] = '1'","","","","","","SOURCE approved_goal.nrs_cut_high"
"goal_nrs_baseline","goal","","text","Baseline NRS value (at goal approval)","","Present for NRS goals; the patient's NRS when the goal was approved.","integer","0","10","","[goal_kind] = '1'","","","","","","SOURCE approved_goal.nrs_baseline_value"
"goal_anchor_m2","goal","GAS anchors (if goal type = GAS; any may be blank)","notes","Anchor -2 (much less than expected)","","","","","","","[goal_kind] = '2'","","","","","","SOURCE approved_goal.anchor_minus2"
"goal_anchor_m1","goal","","notes","Anchor -1 (less than expected)","","","","","","","[goal_kind] = '2'","","","","","","SOURCE approved_goal.anchor_minus1"
"goal_anchor_0","goal","","notes","Anchor 0 (expected)","","","","","","","[goal_kind] = '2'","","","","","","SOURCE approved_goal.anchor_zero"
"goal_anchor_p1","goal","","notes","Anchor +1 (more than expected)","","","","","","","[goal_kind] = '2'","","","","","","SOURCE approved_goal.anchor_plus1"
"goal_anchor_p2","goal","","notes","Anchor +2 (much more than expected)","","","","","","","[goal_kind] = '2'","","","","","","SOURCE approved_goal.anchor_plus2"
"goal_status","goal","Outcome","radio","Goal lifecycle status","1, Active | 2, Archived/retired | 3, Combined","","","","","","","","","","","","SOURCE approved_goal.status"
"goal_outcome","goal","","radio","Outcome on retirement","1, Achieved | 2, Partially achieved | 3, No longer suitable","Blank while the goal is active.","","","","","[goal_status] = '2'","","","","","","SOURCE approved_goal.goal_outcome"
"ci_week","checkin","Weekly check-in","text","Week number","","One instance per check-in.","integer","0","99","","","y","","","","","REPEATING INSTRUMENT. Link keys = ci_cycle_index + ci_week."
"ci_cycle_index","checkin","","text","Belongs to cycle number","","","integer","1","99","","","y","","","","","Link key = cycle_index."
"ci_date","checkin","","text","Check-in date","","","date_ymd","","","","","","","","","","SOURCE weekly_checkin.submitted_at (date part)"
"ci_submitter","checkin","","radio","Completed by","1, Patient | 2, Caregiver","","","","","","","","","","","","SOURCE weekly_checkin.submitter_label"
"ci_pain","checkin","Symptoms (optional)","text","Pain (0-10)","","","integer","0","10","","","","","","","","SOURCE weekly_checkin.pain"
"ci_stiffness","checkin","","text","Stiffness (0-10)","","","integer","0","10","","","","","","","","SOURCE weekly_checkin.stiffness"
"ci_spasm_freq","checkin","","radio","Spasm frequency","1, None | 2, Occasional | 3, Daily | 4, Several daily","","","","","","","","","","","","SOURCE weekly_checkin.spasm_frequency"
"ci_daily_care","checkin","","radio","Daily care / function","1, Harder | 2, Unchanged | 3, Easier | 4, Much easier | 5, Not relevant","","","","","","","","","","","","SOURCE weekly_checkin.daily_care"
"ci_side_effects","checkin","","checkbox","Side effects reported","1, Weakness | 2, Falls | 3, Swallowing | 4, Flu-like | 5, Other","","","","","","","","","","","","SOURCE weekly_checkin.side_effects (multi-select)"
"ci_side_effect_other","checkin","","notes","Other side effect (free text)","","Free text describing the ""Other"" side effect.","","","","","[ci_side_effects(5)] = '1'","","","","","","SOURCE weekly_checkin.other_side_effect_text. REVIEW: free text — screen before export."
"ci_comment","checkin","","notes","Free-text comment","","","","","","","","","","","","","SOURCE weekly_checkin.comment. REVIEW: free text — screen before export."
"ci_training_days_home","checkin","","text","Home training days this week","","","integer","0","7","","","","","","","","Count derived from weekly_checkin.training_days[] (number of days trained at home)."
"ci_training_days_therapist","checkin","","text","Training days with therapist this week","","","integer","0","7","","","","","","","","Count derived from weekly_checkin.training_days_therapist[]."
"gr_goal_index","goal_rating","Goal rating (this week)","text","Goal number rated","","One instance per goal per check-in.","integer","1","99","","","y","","","","","REPEATING INSTRUMENT. Link keys = gr_cycle_index + gr_week + gr_goal_index."
"gr_week","goal_rating","","text","Week number","","","integer","0","99","","","y","","","","","Link key = ci_week."
"gr_cycle_index","goal_rating","","text","Cycle number","","","integer","1","99","","","y","","","","","Link key = cycle_index."
"gr_nrs_value","goal_rating","","text","NRS answer (0-10)","","Present for NRS goals; blank for GAS goals.","integer","0","10","","","","","","","","SOURCE weekly_goal_rating.nrs_value"
"gr_gas_value","goal_rating","","radio","GAS level","1, -2 (much less than expected) | 2, -1 (less than expected) | 3, 0 (expected) | 4, +1 (more than expected) | 5, +2 (much more than expected)","Recoded 1..5 = -2..+2 (avoids negative codes). Derived GAS for NRS goals; directly-picked level for GAS goals.","","","","","","","","","","","SOURCE weekly_goal_rating.rating_value, recoded: 1=-2,2=-1,3=0,4=+1,5=+2."
"gr_label","goal_rating","","radio","Rating label","1, Much worse than expected | 2, A little worse than expected | 3, As expected | 4, Better than expected | 5, Much better than expected | 6, Not sure","","","","","","","","","","","","SOURCE weekly_goal_rating.rating_label"
"gr_clinic_video_gas","goal_rating","","radio","Clinician video GAS rating","1, -2 (much less than expected) | 2, -1 (less than expected) | 3, 0 (expected) | 4, +1 (more than expected) | 5, +2 (much more than expected)","Clinician's GAS read of the patient's video for this goal/week. Recoded 1..5 = -2..+2. Blank if not rated.","","","","","","","","","","","SOURCE weekly_goal_rating.clinic_video_rating, recoded: 1=-2,2=-1,3=0,4=+1,5=+2."
"gr_clinic_video_nrs","goal_rating","","text","Clinician video NRS rating (0-10)","","Clinician's NRS read of the patient's video. Blank if not rated.","integer","0","10","","","","","","","","SOURCE weekly_goal_rating.clinic_video_nrs"
"pa_cycle_index","physio_assessment","","text","Belongs to cycle number","","","integer","1","99","","","","","","","","REPEATING INSTRUMENT. Link key = cycle_index. SOURCE physio_assessment.treatment_cycle_id (mapped to cycle_index)."
"pa_date","physio_assessment","","text","Physio visit date","","","date_ymd","","","","","","","","","","SOURCE physio_assessment.assessment_date"
"pa_note","physio_assessment","","notes","Physio visit note","","","","","","","","","","","","","SOURCE physio_assessment.note. REVIEW: free text — screen before export."
"pgr_cycle_index","physio_goal_rating","","text","Cycle number","","","integer","1","99","","","","","","","","REPEATING INSTRUMENT. Link keys = cycle_index + pgr_assessment_date + pgr_goal_index."
"pgr_assessment_date","physio_goal_rating","","text","Physio visit date","","","date_ymd","","","","","","","","","","Link to the physio_assessment instance (SOURCE physio_assessment.assessment_date)."
"pgr_goal_index","physio_goal_rating","","text","Goal number rated","","","integer","1","99","","","","","","","","Link key = goal_index (within the cycle)."
"pgr_nrs_value","physio_goal_rating","","text","Therapist NRS rating (0-10)","","","integer","0","10","","","","","","","","SOURCE physio_goal_rating.nrs_value. Populated for NRS goals."
"pgr_gas_value","physio_goal_rating","","radio","Therapist GAS rating","1, -2 (much less than expected) | 2, -1 (less than expected) | 3, 0 (expected) | 4, +1 (more than expected) | 5, +2 (much more than expected)","","","","","","[pgr_nrs_value] = ''","","","","","","SOURCE physio_goal_rating.gas_value, recoded 1=-2..5=+2. Populated for GAS goals."
"pgr_working_on","physio_goal_rating","","yesno","Therapist is working on this goal","","","","","","","","","","","","","SOURCE physio_goal_rating.working_on"
"pgr_needs_adjustment","physio_goal_rating","","yesno","Therapist flagged goal for adjustment","","","","","","","","","","","","","SOURCE physio_goal_rating.needs_adjustment"
"pgr_adjustment_note","physio_goal_rating","","notes","Adjustment note","","","","","","","[pgr_needs_adjustment] = '1'","","","","","","SOURCE physio_goal_rating.adjustment_note. REVIEW: free text — screen before export."
"itb_started_on","itb","","text","ITB therapy start date","","","date_ymd","","","","","","","","","","SOURCE itb_therapy.started_on. Only for patients with a baclofen pump (cycle_modality = 2)."
"itb_ended_on","itb","","text","ITB therapy end date","","","date_ymd","","","","","","","","","","SOURCE itb_therapy.ended_on."
"itb_note","itb","","notes","ITB note","","","","","","","","","","","","","SOURCE itb_therapy.note. REVIEW: free text — screen before export."
"idc_started_on","itb_dose_change","","text","Belongs to ITB therapy starting","","","date_ymd","","","","","","","","","","REPEATING INSTRUMENT. Link key = itb_started_on (ties the dose change to its itb_therapy episode). SOURCE itb_therapy.started_on of the parent episode."
"idc_changed_on","itb_dose_change","","text","Dose change date","","","date_ymd","","","","","","","","","","SOURCE itb_dose_change.changed_on"
"idc_dose_mcg_day","itb_dose_change","","text","Dose (micrograms/day)","","","number","0","2000","","","","","","","","SOURCE itb_dose_change.dose_mcg_per_day"
"idc_note","itb_dose_change","","notes","Dose change note","","","","","","","","","","","","","SOURCE itb_dose_change.note. REVIEW: free text — screen before export."
